               epoch,      train/box_loss,      train/obj_loss,      train/cls_loss,   metrics/precision,      metrics/recall,     metrics/mAP_0.5,metrics/mAP_0.5:0.95,        val/box_loss,        val/obj_loss,        val/cls_loss,               x/lr0,               x/lr1,               x/lr2
                   0,             0.11117,            0.048101,            0.051921,           0.0017218,             0.15524,           0.0012333,          0.00047461,            0.098758,            0.036987,            0.051895,              0.0991,              0.0001,              0.0001
                   1,             0.11167,            0.041852,            0.055015,           0.0019947,             0.22381,           0.0014813,          0.00049831,            0.097916,            0.036835,            0.051788,            0.097299,          0.00029881,          0.00029881
                   2,             0.10988,            0.050816,            0.054217,           0.0014307,             0.21016,           0.0012929,          0.00032594,            0.096475,            0.036819,            0.051498,            0.095496,          0.00049604,          0.00049604
                   3,             0.10921,            0.044987,             0.05308,           0.0034035,              0.3746,           0.0030216,          0.00077865,            0.093915,            0.034946,            0.050858,            0.093692,          0.00069168,          0.00069168
                   4,             0.10322,            0.051575,            0.051953,           0.0035101,              0.3746,           0.0030289,          0.00068674,            0.090936,             0.03495,            0.050613,            0.091886,          0.00088574,          0.00088574
                   5,             0.10469,             0.04828,            0.051779,           0.0024578,              0.3019,           0.0021096,          0.00044041,            0.087559,            0.035145,            0.050171,            0.090078,           0.0010782,           0.0010782
                   6,             0.10399,            0.052707,            0.051098,           0.0016804,             0.27079,           0.0015327,          0.00031236,            0.084732,            0.035061,            0.049728,            0.088269,           0.0012691,           0.0012691
                   7,             0.10204,            0.049777,            0.051918,           0.0018049,             0.26825,           0.0014607,          0.00040581,            0.083772,            0.034836,            0.049622,            0.086458,           0.0014584,           0.0014584
                   8,            0.098587,            0.050035,            0.050629,           0.0019916,             0.25937,           0.0017223,          0.00043248,            0.082173,            0.034603,            0.049683,            0.084646,           0.0016461,           0.0016461
                   9,            0.093783,            0.049094,            0.050745,           0.0022274,             0.27937,           0.0076518,             0.00103,            0.080816,            0.034405,             0.04953,            0.082832,           0.0018323,           0.0018323
                  10,            0.099611,            0.062757,            0.050073,           0.0038239,             0.46571,           0.0040437,          0.00086275,            0.080324,            0.033836,            0.049683,            0.081017,           0.0020168,           0.0020168
                  11,            0.096969,            0.049435,            0.050077,           0.0034048,             0.46317,             0.02826,           0.0060702,            0.080873,            0.033199,            0.049927,              0.0792,           0.0021998,           0.0021998
                  12,            0.098173,            0.049675,            0.050495,           0.0043932,             0.60317,           0.0065913,           0.0018949,            0.078973,            0.033073,            0.049789,            0.077381,           0.0023812,           0.0023812
                  13,            0.088576,            0.059101,            0.050141,           0.0046572,             0.64762,            0.030597,           0.0044566,            0.076349,             0.03326,            0.049576,            0.075561,            0.002561,            0.002561
                  14,            0.092129,            0.053069,            0.049889,             0.00482,             0.68762,            0.025962,           0.0082956,            0.075029,            0.033119,            0.049316,            0.073739,           0.0027392,           0.0027392
                  15,            0.086965,             0.05505,            0.048598,           0.0053233,             0.78032,            0.019774,           0.0059248,            0.074201,            0.032318,            0.049561,            0.071916,           0.0029159,           0.0029159
                  16,            0.089553,            0.058808,            0.048259,           0.0056342,             0.78032,            0.019308,           0.0067542,            0.073527,            0.033424,            0.049667,            0.070091,           0.0030909,           0.0030909
                  17,            0.089887,            0.040626,            0.051526,           0.0050405,             0.62286,            0.031882,            0.010109,            0.073852,            0.033978,            0.049652,            0.068264,           0.0032644,           0.0032644
                  18,            0.091003,            0.048868,            0.049797,              0.0054,             0.78921,            0.043487,            0.010482,            0.072376,            0.033142,            0.049591,            0.066436,           0.0034363,           0.0034363
                  19,            0.078593,            0.056581,            0.048253,           0.0051123,             0.80254,            0.056378,            0.015187,            0.070278,            0.032135,            0.049393,            0.064607,           0.0036066,           0.0036066
                  20,            0.079975,            0.062139,            0.047371,           0.0050404,             0.80254,            0.064409,            0.017696,            0.069781,            0.031551,            0.048973,            0.062775,           0.0037753,           0.0037753
                  21,            0.074193,            0.049115,            0.047241,           0.0076105,             0.80254,            0.085481,            0.022526,            0.066226,            0.031609,            0.048492,            0.060942,           0.0039424,           0.0039424
                  22,            0.075281,            0.057991,            0.047192,            0.020585,             0.70476,            0.074878,             0.02306,             0.06399,             0.03186,             0.04792,            0.059108,            0.004108,            0.004108
                  23,            0.079246,            0.059963,            0.046653,              0.1046,             0.21746,            0.080755,            0.023334,            0.062574,            0.031731,            0.047798,            0.057272,           0.0042719,           0.0042719
                  24,            0.076232,            0.054704,            0.045946,            0.084488,              0.3127,            0.083505,            0.024212,            0.063553,            0.031174,            0.047363,            0.055434,           0.0044343,           0.0044343
                  25,             0.07211,            0.055921,            0.046529,             0.21826,             0.13333,            0.081746,            0.034092,            0.064235,            0.030952,            0.047073,            0.053595,           0.0045951,           0.0045951
                  26,            0.076702,            0.037098,            0.049087,            0.004177,             0.67397,           0.0098511,           0.0015443,            0.069793,             0.02964,            0.046982,            0.051754,           0.0047543,           0.0047543
                  27,            0.075528,             0.05304,            0.045006,            0.004177,             0.67397,           0.0098511,           0.0015443,            0.069793,             0.02964,            0.046982,            0.049912,           0.0049119,           0.0049119
                  28,            0.073898,            0.052983,            0.045515,             0.23621,             0.22222,             0.11189,            0.049147,            0.063993,            0.030533,            0.046341,            0.048068,            0.005068,            0.005068
                  29,            0.073628,            0.053541,            0.046928,            0.033008,              0.3946,            0.032783,           0.0065557,            0.072378,             0.03067,            0.046387,            0.046222,           0.0052224,           0.0052224
                  30,            0.076331,            0.059478,            0.044633,            0.033008,              0.3946,            0.032783,           0.0065557,            0.072378,             0.03067,            0.046387,            0.044375,           0.0053753,           0.0053753
                  31,            0.071713,            0.053815,            0.045182,             0.23863,             0.26222,            0.093061,            0.036544,            0.069706,            0.031624,            0.046242,            0.042527,           0.0055266,           0.0055266
                  32,            0.069554,            0.047711,            0.045637,             0.86343,            0.066667,            0.068893,            0.034136,            0.073168,            0.032242,            0.046326,            0.040676,           0.0056763,           0.0056763
                  33,            0.072536,            0.037337,            0.046525,             0.86343,            0.066667,            0.068893,            0.034136,            0.073168,            0.032242,            0.046326,            0.038824,           0.0058244,           0.0058244
                  34,            0.077504,             0.04339,            0.045576,               0.241,             0.12942,            0.097002,            0.031577,            0.064127,             0.03376,            0.046181,            0.036971,            0.005971,            0.005971
                  35,            0.069015,              0.0566,            0.046283,             0.23391,             0.10889,            0.086663,            0.023939,            0.068666,            0.033516,            0.046135,            0.035116,           0.0061159,           0.0061159
                  36,            0.072755,            0.053304,            0.044672,             0.23391,             0.10889,            0.086663,            0.023939,            0.068666,            0.033516,            0.046135,            0.033259,           0.0062593,           0.0062593
                  37,            0.072485,            0.054149,            0.045861,             0.23191,             0.12889,             0.07266,            0.020355,            0.068289,            0.032356,            0.045906,            0.031401,           0.0064011,           0.0064011
                  38,            0.068327,            0.052374,            0.044729,             0.23987,             0.10889,            0.059938,            0.020806,            0.077282,             0.02832,            0.045349,            0.029541,           0.0065413,           0.0065413
                  39,            0.077997,            0.046358,            0.045481,             0.23987,             0.10889,            0.059938,            0.020806,            0.077282,             0.02832,            0.045349,             0.02768,           0.0066799,           0.0066799
                  40,             0.07116,            0.047383,            0.044051,              0.2293,             0.13333,            0.082021,            0.031437,            0.069615,            0.029991,            0.044884,            0.025817,            0.006817,            0.006817
                  41,            0.070552,            0.051199,            0.044296,             0.22382,             0.27302,            0.072263,             0.02399,            0.071536,            0.032631,            0.045158,            0.023952,           0.0069524,           0.0069524
                  42,            0.071717,            0.040602,            0.043611,             0.22382,             0.27302,            0.072263,             0.02399,            0.071536,            0.032631,            0.045158,            0.022086,           0.0070863,           0.0070863
                  43,            0.079918,            0.047409,            0.044016,             0.01268,             0.39746,            0.022088,           0.0059257,            0.078374,            0.031738,            0.044724,            0.020219,           0.0072186,           0.0072186
                  44,            0.072455,            0.052604,            0.044339,             0.01268,             0.39746,            0.022088,           0.0059257,            0.078374,            0.031738,            0.044724,            0.018349,           0.0073493,           0.0073493
                  45,            0.072634,            0.044935,            0.043433,             0.27944,             0.29302,              0.1451,            0.039733,            0.068161,            0.030304,             0.04422,            0.016478,           0.0074784,           0.0074784
                  46,            0.071427,            0.037025,            0.042502,             0.27944,             0.29302,              0.1451,            0.039733,            0.068161,            0.030304,             0.04422,            0.014606,           0.0076059,           0.0076059
                  47,            0.071247,            0.036476,            0.044928,              0.3353,             0.27714,             0.16922,            0.055011,            0.072484,            0.025833,            0.043915,            0.012732,           0.0077319,           0.0077319
                  48,            0.074037,            0.054228,            0.043413,              0.3353,             0.27714,             0.16922,            0.055011,            0.072484,            0.025833,            0.043915,            0.010856,           0.0078562,           0.0078562
                  49,            0.071618,            0.038921,             0.04412,              0.2777,             0.22857,             0.10817,            0.038649,            0.068363,            0.023335,            0.042786,            0.008979,            0.007979,            0.007979
                  50,            0.066768,            0.041382,            0.042266,              0.2777,             0.22857,             0.10817,            0.038649,            0.068363,            0.023335,            0.042786,             0.00802,             0.00802,             0.00802
                  51,            0.068891,            0.036169,            0.043113,              0.3089,             0.31476,             0.16365,            0.058396,            0.071276,            0.021751,            0.042328,             0.00802,             0.00802,             0.00802
                  52,            0.071896,            0.035978,            0.041818,              0.3089,             0.31476,             0.16365,            0.058396,            0.071276,            0.021751,            0.042328,           0.0079804,           0.0079804,           0.0079804
                  53,            0.078119,            0.035656,            0.042681,             0.31855,             0.32891,             0.12901,            0.054221,            0.064449,            0.022598,            0.041283,           0.0079408,           0.0079408,           0.0079408
                  54,            0.061412,            0.049759,            0.041569,             0.31855,             0.32891,             0.12901,            0.054221,            0.064449,            0.022598,            0.041283,           0.0079012,           0.0079012,           0.0079012
                  55,            0.065249,            0.060169,            0.042337,             0.31601,             0.25079,              0.1168,            0.049152,            0.060642,            0.024197,            0.041153,           0.0078616,           0.0078616,           0.0078616
                  56,            0.066574,            0.040242,            0.042862,             0.31601,             0.25079,              0.1168,            0.049152,            0.060642,            0.024197,            0.041153,            0.007822,            0.007822,            0.007822
                  57,            0.063593,            0.050371,            0.042812,             0.59305,             0.20635,              0.1293,            0.042388,             0.05935,            0.023163,            0.040718,           0.0077824,           0.0077824,           0.0077824
                  58,            0.064297,            0.042211,            0.041512,             0.59305,             0.20635,              0.1293,            0.042388,             0.05935,            0.023163,            0.040718,           0.0077428,           0.0077428,           0.0077428
                  59,            0.062417,            0.051825,            0.041597,             0.58471,             0.33968,             0.23635,            0.098677,            0.066466,            0.020748,            0.040398,           0.0077032,           0.0077032,           0.0077032
                  60,            0.070858,            0.037527,            0.041214,             0.58471,             0.33968,             0.23635,            0.098677,            0.066466,            0.020748,            0.040398,           0.0076636,           0.0076636,           0.0076636
                  61,            0.069541,            0.042503,            0.042119,             0.47846,              0.3619,               0.109,            0.037453,            0.059965,            0.022701,             0.04055,            0.007624,            0.007624,            0.007624
                  62,            0.060914,            0.038646,            0.042504,             0.47846,              0.3619,               0.109,            0.037453,            0.059965,            0.022701,             0.04055,           0.0075844,           0.0075844,           0.0075844
                  63,            0.063033,             0.03098,            0.041243,             0.57905,             0.29524,             0.23031,            0.067738,            0.061271,            0.021221,            0.040176,           0.0075448,           0.0075448,           0.0075448
                  64,            0.071971,            0.044438,            0.041226,             0.57905,             0.29524,             0.23031,            0.067738,            0.061271,            0.021221,            0.040176,           0.0075052,           0.0075052,           0.0075052
                  65,            0.067495,            0.035127,            0.040504,             0.54915,             0.36887,             0.21054,            0.091906,            0.061687,            0.019596,            0.040039,           0.0074656,           0.0074656,           0.0074656
                  66,            0.061744,            0.040357,            0.040115,             0.54915,             0.36887,             0.21054,            0.091906,            0.061687,            0.019596,            0.040039,            0.007426,            0.007426,            0.007426
                  67,            0.068625,            0.040043,            0.040736,             0.54247,             0.23492,             0.15461,            0.036856,            0.062701,            0.018703,            0.040222,           0.0073864,           0.0073864,           0.0073864
                  68,            0.066734,            0.044225,            0.041664,             0.54247,             0.23492,             0.15461,            0.036856,            0.062701,            0.018703,            0.040222,           0.0073468,           0.0073468,           0.0073468
                  69,            0.067465,            0.036975,            0.041321,             0.33688,             0.37659,             0.23281,             0.10413,            0.057654,            0.019108,            0.040543,           0.0073072,           0.0073072,           0.0073072
                  70,            0.053919,            0.027913,            0.041699,             0.33688,             0.37659,             0.23281,             0.10413,            0.057654,            0.019108,            0.040543,           0.0072676,           0.0072676,           0.0072676
                  71,            0.058126,            0.041777,            0.040006,             0.56831,             0.33016,             0.27786,             0.13894,            0.049165,            0.020306,            0.040245,            0.007228,            0.007228,            0.007228
                  72,              0.0486,            0.030497,             0.03948,             0.56831,             0.33016,             0.27786,             0.13894,            0.049165,            0.020306,            0.040245,           0.0071884,           0.0071884,           0.0071884
                  73,             0.05387,            0.037307,             0.04124,             0.29291,             0.62476,             0.27385,              0.1265,            0.045309,             0.01936,            0.039764,           0.0071488,           0.0071488,           0.0071488
                  74,            0.047561,            0.037462,            0.040114,             0.29291,             0.62476,             0.27385,              0.1265,            0.045309,             0.01936,            0.039764,           0.0071092,           0.0071092,           0.0071092
                  75,             0.05128,            0.033296,            0.038981,             0.63238,             0.30159,             0.32539,             0.17023,            0.051946,            0.018528,            0.038879,           0.0070696,           0.0070696,           0.0070696
                  76,             0.05352,            0.042529,            0.040957,             0.63238,             0.30159,             0.32539,             0.17023,            0.051946,            0.018528,            0.038879,             0.00703,             0.00703,             0.00703
                  77,            0.056665,            0.034355,            0.040497,             0.59102,             0.34603,             0.28023,             0.12358,            0.056227,             0.01862,            0.038963,           0.0069904,           0.0069904,           0.0069904
                  78,            0.057812,            0.042774,            0.038041,             0.59102,             0.34603,             0.28023,             0.12358,            0.056227,             0.01862,            0.038963,           0.0069508,           0.0069508,           0.0069508
                  79,            0.057743,            0.039084,            0.039309,             0.66839,             0.36825,             0.47137,             0.20367,            0.048119,            0.017418,            0.038231,           0.0069112,           0.0069112,           0.0069112
                  80,            0.063915,            0.041918,            0.038932,             0.66839,             0.36825,             0.47137,             0.20367,            0.048119,            0.017418,            0.038231,           0.0068716,           0.0068716,           0.0068716
                  81,            0.052926,            0.037573,            0.039253,             0.55566,             0.31746,             0.31061,            0.095552,            0.059179,            0.017979,            0.037727,            0.006832,            0.006832,            0.006832
                  82,            0.061749,            0.035737,            0.038335,             0.55566,             0.31746,             0.31061,            0.095552,            0.059179,            0.017979,            0.037727,           0.0067924,           0.0067924,           0.0067924
                  83,             0.05791,            0.036583,            0.037973,             0.70487,             0.34603,             0.41297,             0.21828,            0.047979,            0.016674,            0.037109,           0.0067528,           0.0067528,           0.0067528
                  84,             0.05753,            0.038683,            0.039257,             0.70487,             0.34603,             0.41297,             0.21828,            0.047979,            0.016674,            0.037109,           0.0067132,           0.0067132,           0.0067132
                  85,            0.062221,            0.035372,            0.038877,             0.29613,             0.52317,             0.37709,             0.15591,            0.049414,            0.017273,            0.036362,           0.0066736,           0.0066736,           0.0066736
                  86,            0.056753,            0.033893,            0.038185,             0.29613,             0.52317,             0.37709,             0.15591,            0.049414,            0.017273,            0.036362,            0.006634,            0.006634,            0.006634
                  87,            0.055647,            0.038913,            0.038687,             0.27065,             0.57171,             0.44434,             0.20667,            0.049808,             0.01759,            0.035843,           0.0065944,           0.0065944,           0.0065944
                  88,             0.05364,            0.033886,            0.037929,             0.27065,             0.57171,             0.44434,             0.20667,            0.049808,             0.01759,            0.035843,           0.0065548,           0.0065548,           0.0065548
                  89,            0.052605,            0.036548,            0.038541,             0.42268,             0.54063,             0.40555,             0.16038,            0.050068,            0.016987,            0.035347,           0.0065152,           0.0065152,           0.0065152
                  90,            0.053468,            0.035953,            0.036028,             0.42268,             0.54063,             0.40555,             0.16038,            0.050068,            0.016987,            0.035347,           0.0064756,           0.0064756,           0.0064756
                  91,            0.051871,            0.028271,            0.037725,             0.49216,             0.48349,             0.47218,             0.20486,            0.048619,            0.017071,            0.035118,            0.006436,            0.006436,            0.006436
                  92,            0.050834,            0.039922,            0.036719,             0.49216,             0.48349,             0.47218,             0.20486,            0.048619,            0.017071,            0.035118,           0.0063964,           0.0063964,           0.0063964
                  93,            0.054603,            0.035067,            0.037616,             0.26262,             0.63929,             0.40407,             0.16794,            0.046865,            0.016834,             0.03447,           0.0063568,           0.0063568,           0.0063568
                  94,            0.048218,            0.033906,            0.036141,             0.26262,             0.63929,             0.40407,             0.16794,            0.046865,            0.016834,             0.03447,           0.0063172,           0.0063172,           0.0063172
                  95,            0.048243,            0.032748,            0.038187,             0.68131,             0.41181,             0.46388,             0.25056,            0.051665,            0.015926,             0.03421,           0.0062776,           0.0062776,           0.0062776
                  96,            0.051206,            0.037943,            0.037045,             0.68131,             0.41181,             0.46388,             0.25056,            0.051665,            0.015926,             0.03421,            0.006238,            0.006238,            0.006238
                  97,            0.054802,            0.035313,            0.035377,              0.2314,             0.72289,             0.39566,             0.16473,            0.048214,             0.01701,            0.033997,           0.0061984,           0.0061984,           0.0061984
                  98,            0.054315,            0.029242,            0.035332,              0.2314,             0.72289,             0.39566,             0.16473,            0.048214,             0.01701,            0.033997,           0.0061588,           0.0061588,           0.0061588
                  99,            0.055823,            0.032295,            0.037592,             0.27022,              0.6673,             0.45869,             0.25363,            0.047154,            0.015347,            0.033829,           0.0061192,           0.0061192,           0.0061192
                 100,            0.048659,            0.028074,            0.036719,             0.27022,              0.6673,             0.45869,             0.25363,            0.047154,            0.015347,            0.033829,           0.0060796,           0.0060796,           0.0060796
                 101,            0.045543,            0.026601,            0.035802,              0.3051,             0.69751,             0.42251,              0.1892,            0.046394,            0.015965,             0.03373,             0.00604,             0.00604,             0.00604
                 102,            0.053926,            0.024963,            0.036961,              0.3051,             0.69751,             0.42251,              0.1892,            0.046394,            0.015965,             0.03373,           0.0060004,           0.0060004,           0.0060004
                 103,            0.050161,            0.031648,             0.03728,             0.43914,             0.71319,             0.54806,             0.21666,            0.048588,             0.01498,            0.033463,           0.0059608,           0.0059608,           0.0059608
                 104,            0.050002,            0.036114,            0.033335,             0.43914,             0.71319,             0.54806,             0.21666,            0.048588,             0.01498,            0.033463,           0.0059212,           0.0059212,           0.0059212
                 105,            0.050005,            0.032937,            0.035067,             0.41561,              0.7675,             0.58433,             0.33074,            0.038281,            0.014725,            0.032799,           0.0058816,           0.0058816,           0.0058816
                 106,             0.04444,            0.037168,             0.03583,             0.41561,              0.7675,             0.58433,             0.33074,            0.038281,            0.014725,            0.032799,            0.005842,            0.005842,            0.005842
                 107,            0.042908,            0.031553,            0.034621,             0.41291,             0.75619,             0.58257,              0.2904,            0.042306,            0.013626,            0.032204,           0.0058024,           0.0058024,           0.0058024
                 108,            0.044408,            0.029712,            0.033808,             0.41291,             0.75619,             0.58257,              0.2904,            0.042306,            0.013626,            0.032204,           0.0057628,           0.0057628,           0.0057628
                 109,            0.048225,            0.031809,            0.035137,             0.37234,             0.81298,             0.55621,             0.25326,            0.040327,            0.014286,            0.032036,           0.0057232,           0.0057232,           0.0057232
                 110,            0.047429,            0.025121,            0.034548,             0.37234,             0.81298,             0.55621,             0.25326,            0.040327,            0.014286,            0.032036,           0.0056836,           0.0056836,           0.0056836
                 111,             0.04778,            0.025342,            0.034658,             0.35972,             0.71621,             0.55889,             0.35498,            0.039952,            0.014557,             0.03154,            0.005644,            0.005644,            0.005644
                 112,            0.047676,            0.032717,            0.033895,             0.35972,             0.71621,             0.55889,             0.35498,            0.039952,            0.014557,             0.03154,           0.0056044,           0.0056044,           0.0056044
                 113,            0.045549,            0.027105,             0.03219,             0.38939,              0.7454,             0.51171,             0.22581,            0.043437,            0.014904,              0.0317,           0.0055648,           0.0055648,           0.0055648
                 114,            0.046388,            0.027313,            0.034853,             0.38939,              0.7454,             0.51171,             0.22581,            0.043437,            0.014904,              0.0317,           0.0055252,           0.0055252,           0.0055252
                 115,            0.045177,            0.025989,            0.032151,             0.35904,             0.71206,             0.48389,             0.28009,            0.040854,             0.01569,            0.032028,           0.0054856,           0.0054856,           0.0054856
                 116,            0.045639,            0.024936,            0.033466,             0.35904,             0.71206,             0.48389,             0.28009,            0.040854,             0.01569,            0.032028,            0.005446,            0.005446,            0.005446
                 117,             0.04905,            0.032747,            0.031787,             0.32728,             0.65492,             0.47237,              0.2302,            0.042115,            0.015408,             0.03125,           0.0054064,           0.0054064,           0.0054064
                 118,            0.048413,            0.034899,            0.031684,             0.32728,             0.65492,             0.47237,              0.2302,            0.042115,            0.015408,             0.03125,           0.0053668,           0.0053668,           0.0053668
                 119,            0.046737,            0.025074,            0.032864,              0.4144,             0.68193,              0.6323,             0.42437,            0.037197,            0.013733,            0.030235,           0.0053272,           0.0053272,           0.0053272
                 120,            0.043275,            0.028716,            0.033429,              0.4144,             0.68193,              0.6323,             0.42437,            0.037197,            0.013733,            0.030235,           0.0052876,           0.0052876,           0.0052876
                 121,            0.039859,              0.0303,            0.031296,              0.4158,             0.74836,             0.59912,             0.36702,            0.036585,            0.013481,            0.029884,            0.005248,            0.005248,            0.005248
                 122,            0.040856,            0.030906,            0.031088,              0.4158,             0.74836,             0.59912,             0.36702,            0.036585,            0.013481,            0.029884,           0.0052084,           0.0052084,           0.0052084
                 123,            0.042187,            0.029138,            0.032213,             0.38874,             0.64381,              0.6282,             0.39265,            0.040012,            0.014225,            0.029716,           0.0051688,           0.0051688,           0.0051688
                 124,            0.047927,            0.030138,             0.03219,             0.38874,             0.64381,              0.6282,             0.39265,            0.040012,            0.014225,            0.029716,           0.0051292,           0.0051292,           0.0051292
                 125,            0.047882,            0.030304,            0.032265,             0.51161,             0.62051,             0.65036,             0.35532,            0.036304,             0.01321,            0.029366,           0.0050896,           0.0050896,           0.0050896
                 126,            0.044511,            0.028991,            0.032267,             0.51161,             0.62051,             0.65036,             0.35532,            0.036304,             0.01321,            0.029366,             0.00505,             0.00505,             0.00505
                 127,            0.044795,            0.028621,            0.031377,             0.47699,             0.71567,             0.65559,             0.37039,            0.039563,            0.012846,            0.028778,           0.0050104,           0.0050104,           0.0050104
                 128,            0.040347,            0.023299,            0.031808,             0.47699,             0.71567,             0.65559,             0.37039,            0.039563,            0.012846,            0.028778,           0.0049708,           0.0049708,           0.0049708
                 129,            0.048694,            0.023683,            0.030112,             0.42396,             0.63717,             0.60748,             0.30197,            0.039489,            0.012915,            0.028687,           0.0049312,           0.0049312,           0.0049312
                 130,            0.043261,            0.030286,            0.031184,             0.42396,             0.63717,             0.60748,             0.30197,            0.039489,            0.012915,            0.028687,           0.0048916,           0.0048916,           0.0048916
                 131,            0.041865,            0.025847,            0.029452,             0.58905,             0.62826,             0.69046,             0.43739,            0.033647,            0.013145,            0.028633,            0.004852,            0.004852,            0.004852
                 132,            0.042071,            0.029859,            0.031707,             0.58905,             0.62826,             0.69046,             0.43739,            0.033647,            0.013145,            0.028633,           0.0048124,           0.0048124,           0.0048124
                 133,            0.036704,            0.027696,            0.032233,             0.45866,             0.59465,             0.61212,             0.26556,            0.042669,            0.012714,            0.028214,           0.0047728,           0.0047728,           0.0047728
                 134,            0.041828,             0.02701,            0.029835,             0.45866,             0.59465,             0.61212,             0.26556,            0.042669,            0.012714,            0.028214,           0.0047332,           0.0047332,           0.0047332
                 135,            0.040722,             0.02905,            0.030444,             0.49523,             0.71785,             0.72236,              0.4217,             0.03283,            0.012753,            0.028069,           0.0046936,           0.0046936,           0.0046936
                 136,            0.047001,            0.026891,            0.030143,             0.49523,             0.71785,             0.72236,              0.4217,             0.03283,            0.012753,            0.028069,            0.004654,            0.004654,            0.004654
                 137,            0.042315,            0.025543,            0.032619,             0.54233,             0.81325,              0.7388,             0.44894,            0.030964,            0.012444,            0.027512,           0.0046144,           0.0046144,           0.0046144
                 138,            0.038723,            0.023868,            0.028898,             0.54233,             0.81325,              0.7388,             0.44894,            0.030964,            0.012444,            0.027512,           0.0045748,           0.0045748,           0.0045748
                 139,            0.037795,             0.02499,            0.027837,              0.4537,             0.85429,             0.73221,             0.42341,            0.030826,            0.012741,            0.027527,           0.0045352,           0.0045352,           0.0045352
                 140,            0.040821,            0.038375,            0.028658,              0.4537,             0.85429,             0.73221,             0.42341,            0.030826,            0.012741,            0.027527,           0.0044956,           0.0044956,           0.0044956
                 141,            0.036307,            0.023211,             0.02962,             0.81244,             0.61255,             0.73511,             0.45143,            0.032642,            0.011898,            0.026894,            0.004456,            0.004456,            0.004456
                 142,            0.046519,            0.032152,            0.029712,             0.81244,             0.61255,             0.73511,             0.45143,            0.032642,            0.011898,            0.026894,           0.0044164,           0.0044164,           0.0044164
                 143,            0.039517,            0.026402,            0.029013,             0.78593,             0.58173,             0.67755,             0.33228,            0.037509,            0.011972,            0.026596,           0.0043768,           0.0043768,           0.0043768
                 144,            0.043185,            0.032518,            0.027842,             0.78593,             0.58173,             0.67755,             0.33228,            0.037509,            0.011972,            0.026596,           0.0043372,           0.0043372,           0.0043372
                 145,            0.044357,             0.02693,            0.030068,             0.86269,             0.67738,             0.75594,             0.44614,            0.033214,            0.011856,            0.025726,           0.0042976,           0.0042976,           0.0042976
                 146,            0.037468,            0.027931,            0.028057,             0.86269,             0.67738,             0.75594,             0.44614,            0.033214,            0.011856,            0.025726,            0.004258,            0.004258,            0.004258
                 147,             0.03914,            0.026952,            0.027801,             0.79773,             0.62703,             0.73067,             0.40363,            0.032565,            0.011805,            0.025581,           0.0042184,           0.0042184,           0.0042184
                 148,            0.036326,            0.027466,            0.026854,             0.79773,             0.62703,             0.73067,             0.40363,            0.032565,            0.011805,            0.025581,           0.0041788,           0.0041788,           0.0041788
                 149,              0.0355,            0.025356,            0.027047,             0.77577,                 0.6,             0.75809,             0.45504,            0.035398,            0.011658,            0.025265,           0.0041392,           0.0041392,           0.0041392
                 150,            0.041042,            0.023832,            0.031382,             0.77577,                 0.6,             0.75809,             0.45504,            0.035398,            0.011658,            0.025265,           0.0040996,           0.0040996,           0.0040996
                 151,            0.042417,            0.022591,            0.025461,             0.44422,             0.80131,             0.72676,             0.47868,            0.033188,            0.012341,            0.025307,             0.00406,             0.00406,             0.00406
                 152,             0.03887,            0.022712,            0.026613,             0.44422,             0.80131,             0.72676,             0.47868,            0.033188,            0.012341,            0.025307,           0.0040204,           0.0040204,           0.0040204
                 153,            0.038785,            0.028237,            0.028624,             0.82777,             0.65369,             0.74671,             0.44215,            0.031159,            0.012518,            0.025597,           0.0039808,           0.0039808,           0.0039808
                 154,            0.033717,            0.024916,            0.029547,             0.82777,             0.65369,             0.74671,             0.44215,            0.031159,            0.012518,            0.025597,           0.0039412,           0.0039412,           0.0039412
                 155,            0.035822,            0.030641,            0.027076,             0.82191,             0.55548,             0.72957,             0.44465,            0.031974,            0.012001,            0.025219,           0.0039016,           0.0039016,           0.0039016
                 156,            0.039077,             0.02267,            0.027051,             0.82191,             0.55548,             0.72957,             0.44465,            0.031974,            0.012001,            0.025219,            0.003862,            0.003862,            0.003862
                 157,            0.041481,            0.024625,            0.028307,             0.74955,             0.61118,             0.72556,              0.3583,            0.038519,            0.012728,            0.025009,           0.0038224,           0.0038224,           0.0038224
                 158,            0.042725,            0.032718,             0.02764,             0.74955,             0.61118,             0.72556,              0.3583,            0.038519,            0.012728,            0.025009,           0.0037828,           0.0037828,           0.0037828
                 159,            0.042958,            0.024128,            0.026486,             0.92272,             0.59898,             0.77676,             0.53874,            0.028405,            0.011875,            0.024273,           0.0037432,           0.0037432,           0.0037432
                 160,            0.032137,            0.019684,             0.02376,             0.92272,             0.59898,             0.77676,             0.53874,            0.028405,            0.011875,            0.024273,           0.0037036,           0.0037036,           0.0037036
                 161,            0.031994,            0.024729,             0.02659,             0.85028,             0.61213,              0.7775,             0.53955,            0.029339,            0.011803,            0.023891,            0.003664,            0.003664,            0.003664
                 162,            0.033073,            0.028369,             0.02467,             0.85028,             0.61213,              0.7775,             0.53955,            0.029339,            0.011803,            0.023891,           0.0036244,           0.0036244,           0.0036244
                 163,            0.036626,            0.030103,            0.027975,              0.9181,             0.66636,              0.8006,             0.47338,            0.028581,            0.011501,            0.023468,           0.0035848,           0.0035848,           0.0035848
                 164,            0.034911,            0.025152,            0.025666,              0.9181,             0.66636,              0.8006,             0.47338,            0.028581,            0.011501,            0.023468,           0.0035452,           0.0035452,           0.0035452
                 165,            0.035949,            0.028768,            0.026715,             0.55776,             0.85545,             0.80877,             0.52543,            0.032121,            0.011204,            0.022854,           0.0035056,           0.0035056,           0.0035056
                 166,            0.038885,            0.026429,            0.026277,             0.55776,             0.85545,             0.80877,             0.52543,            0.032121,            0.011204,            0.022854,            0.003466,            0.003466,            0.003466
                 167,            0.041737,            0.022027,            0.023926,              0.6641,              0.8312,             0.81099,             0.55237,            0.027728,            0.011106,            0.022598,           0.0034264,           0.0034264,           0.0034264
                 168,            0.033606,            0.025875,            0.026475,              0.6641,              0.8312,             0.81099,             0.55237,            0.027728,            0.011106,            0.022598,           0.0033868,           0.0033868,           0.0033868
                 169,            0.031885,            0.021131,            0.027634,             0.66943,             0.86301,             0.81091,             0.56171,             0.02777,            0.012089,            0.022259,           0.0033472,           0.0033472,           0.0033472
                 170,            0.034951,            0.025235,            0.023854,             0.66943,             0.86301,             0.81091,             0.56171,             0.02777,            0.012089,            0.022259,           0.0033076,           0.0033076,           0.0033076
                 171,            0.031517,            0.023653,            0.024412,              0.6228,             0.84648,             0.80086,             0.52407,            0.027672,            0.012177,            0.022148,            0.003268,            0.003268,            0.003268
                 172,            0.031344,            0.024131,            0.024924,              0.6228,             0.84648,             0.80086,             0.52407,            0.027672,            0.012177,            0.022148,           0.0032284,           0.0032284,           0.0032284
                 173,            0.034661,            0.026502,            0.025243,             0.59645,             0.82349,             0.82514,             0.53087,            0.030726,            0.011555,            0.021839,           0.0031888,           0.0031888,           0.0031888
                 174,            0.036556,            0.020466,            0.024308,             0.59645,             0.82349,             0.82514,             0.53087,            0.030726,            0.011555,            0.021839,           0.0031492,           0.0031492,           0.0031492
                 175,            0.035275,            0.031629,            0.024419,             0.71196,             0.86569,             0.84618,             0.56154,            0.026757,            0.011089,            0.021549,           0.0031096,           0.0031096,           0.0031096
                 176,            0.034467,            0.021828,            0.024597,             0.71196,             0.86569,             0.84618,             0.56154,            0.026757,            0.011089,            0.021549,             0.00307,             0.00307,             0.00307
                 177,            0.035638,             0.02302,            0.024997,              0.5975,             0.86571,             0.81748,             0.52903,            0.031827,            0.010807,            0.021225,           0.0030304,           0.0030304,           0.0030304
                 178,            0.033328,            0.027933,            0.024419,              0.5975,             0.86571,             0.81748,             0.52903,            0.031827,            0.010807,            0.021225,           0.0029908,           0.0029908,           0.0029908
                 179,            0.036646,            0.023212,            0.026139,             0.71548,             0.82571,             0.85045,             0.58382,            0.026055,             0.01091,            0.021179,           0.0029512,           0.0029512,           0.0029512
                 180,            0.031947,            0.020207,            0.022707,             0.71548,             0.82571,             0.85045,             0.58382,            0.026055,             0.01091,            0.021179,           0.0029116,           0.0029116,           0.0029116
                 181,            0.028313,            0.023992,            0.023869,             0.69277,             0.84571,             0.86357,             0.61258,            0.024603,            0.011654,            0.020821,            0.002872,            0.002872,            0.002872
                 182,            0.031085,            0.027348,            0.024096,             0.69277,             0.84571,             0.86357,             0.61258,            0.024603,            0.011654,            0.020821,           0.0028324,           0.0028324,           0.0028324
                 183,            0.034414,            0.026122,            0.024659,             0.65681,             0.84571,             0.85528,             0.53114,            0.029742,            0.011372,            0.020416,           0.0027928,           0.0027928,           0.0027928
                 184,            0.036562,            0.016428,            0.022271,             0.65681,             0.84571,             0.85528,             0.53114,            0.029742,            0.011372,            0.020416,           0.0027532,           0.0027532,           0.0027532
                 185,            0.033008,            0.023941,            0.024167,             0.63566,             0.84571,             0.84897,             0.58071,            0.025388,            0.010963,            0.020176,           0.0027136,           0.0027136,           0.0027136
                 186,            0.035488,            0.018282,            0.022532,             0.63566,             0.84571,             0.84897,             0.58071,            0.025388,            0.010963,            0.020176,            0.002674,            0.002674,            0.002674
                 187,            0.030842,            0.022653,            0.024552,             0.93595,             0.74731,             0.84929,             0.54995,            0.027499,            0.011438,            0.019817,           0.0026344,           0.0026344,           0.0026344
                 188,            0.033687,            0.019841,            0.023489,             0.93595,             0.74731,             0.84929,             0.54995,            0.027499,            0.011438,            0.019817,           0.0025948,           0.0025948,           0.0025948
                 189,            0.032857,             0.02192,            0.022283,             0.62103,             0.86078,              0.8331,             0.60083,             0.02445,            0.011099,            0.019638,           0.0025552,           0.0025552,           0.0025552
                 190,            0.030254,            0.022681,            0.023038,             0.62103,             0.86078,              0.8331,             0.60083,             0.02445,            0.011099,            0.019638,           0.0025156,           0.0025156,           0.0025156
                 191,            0.028176,            0.024089,            0.022768,              0.6997,              0.8812,             0.85812,             0.61509,            0.023634,             0.01236,            0.019344,            0.002476,            0.002476,            0.002476
                 192,            0.029131,            0.024655,            0.022542,              0.6997,              0.8812,             0.85812,             0.61509,            0.023634,             0.01236,            0.019344,           0.0024364,           0.0024364,           0.0024364
                 193,             0.03073,            0.022158,              0.0212,             0.66606,             0.80857,             0.83726,             0.57731,            0.024725,            0.011444,            0.019115,           0.0023968,           0.0023968,           0.0023968
                 194,            0.030079,             0.02256,            0.022055,             0.66606,             0.80857,             0.83726,             0.57731,            0.024725,            0.011444,            0.019115,           0.0023572,           0.0023572,           0.0023572
                 195,            0.026439,             0.01883,            0.020627,             0.63472,             0.86653,             0.83764,             0.58854,            0.024076,            0.010387,            0.018864,           0.0023176,           0.0023176,           0.0023176
                 196,            0.030628,            0.024539,            0.019371,             0.63472,             0.86653,             0.83764,             0.58854,            0.024076,            0.010387,            0.018864,            0.002278,            0.002278,            0.002278
                 197,            0.031648,            0.022054,            0.022548,             0.69903,             0.80857,             0.83752,              0.6129,            0.026221,             0.01054,            0.018715,           0.0022384,           0.0022384,           0.0022384
                 198,            0.031086,            0.024144,             0.02207,             0.69903,             0.80857,             0.83752,              0.6129,            0.026221,             0.01054,            0.018715,           0.0021988,           0.0021988,           0.0021988
                 199,            0.033764,            0.023649,            0.024055,             0.74944,             0.79996,             0.84823,             0.56849,            0.027505,            0.011566,            0.018513,           0.0021592,           0.0021592,           0.0021592
                 200,            0.038862,            0.034695,            0.021137,             0.74944,             0.79996,             0.84823,             0.56849,            0.027505,            0.011566,            0.018513,           0.0021196,           0.0021196,           0.0021196
                 201,             0.03275,             0.02648,            0.020535,             0.65238,             0.92632,             0.84683,             0.58702,            0.024644,            0.010647,            0.018311,             0.00208,             0.00208,             0.00208
                 202,            0.033054,            0.025052,            0.024491,             0.65238,             0.92632,             0.84683,             0.58702,            0.024644,            0.010647,            0.018311,           0.0020404,           0.0020404,           0.0020404
                 203,            0.031332,            0.026917,            0.021619,              0.6496,             0.94573,             0.83029,               0.633,            0.023027,             0.01177,            0.018158,           0.0020008,           0.0020008,           0.0020008
                 204,            0.028737,            0.021503,            0.020353,              0.6496,             0.94573,             0.83029,               0.633,            0.023027,             0.01177,            0.018158,           0.0019612,           0.0019612,           0.0019612
                 205,            0.032137,              0.0246,            0.021364,             0.65409,              0.9302,             0.84002,             0.58972,              0.0243,            0.011915,            0.017906,           0.0019216,           0.0019216,           0.0019216
                 206,            0.029562,            0.017448,            0.019554,             0.65409,              0.9302,             0.84002,             0.58972,              0.0243,            0.011915,            0.017906,            0.001882,            0.001882,            0.001882
                 207,            0.028239,            0.023805,            0.020986,             0.68519,             0.92286,             0.84575,             0.64907,            0.022445,            0.010321,            0.017822,           0.0018424,           0.0018424,           0.0018424
                 208,            0.031517,            0.030314,            0.021403,             0.68519,             0.92286,             0.84575,             0.64907,            0.022445,            0.010321,            0.017822,           0.0018028,           0.0018028,           0.0018028
                 209,            0.027488,            0.020707,            0.020577,             0.65317,             0.92576,             0.84155,              0.5949,            0.023366,            0.010307,            0.017723,           0.0017632,           0.0017632,           0.0017632
                 210,            0.028924,            0.021757,            0.020096,             0.65317,             0.92576,             0.84155,              0.5949,            0.023366,            0.010307,            0.017723,           0.0017236,           0.0017236,           0.0017236
                 211,            0.034845,            0.024086,            0.022042,             0.66728,             0.93734,             0.83924,             0.61676,            0.023424,            0.010271,            0.017502,            0.001684,            0.001684,            0.001684
                 212,            0.030185,             0.02223,            0.020942,             0.66728,             0.93734,             0.83924,             0.61676,            0.023424,            0.010271,            0.017502,           0.0016444,           0.0016444,           0.0016444
                 213,            0.031111,            0.021034,            0.017856,             0.66982,               0.938,             0.83913,             0.61983,            0.023555,            0.010204,            0.017414,           0.0016048,           0.0016048,           0.0016048
                 214,             0.03018,            0.022901,            0.018354,             0.66982,               0.938,             0.83913,             0.61983,            0.023555,            0.010204,            0.017414,           0.0015652,           0.0015652,           0.0015652
                 215,            0.026209,            0.023477,            0.020246,             0.68384,             0.89409,             0.84132,              0.6226,            0.021128,            0.010204,             0.01722,           0.0015256,           0.0015256,           0.0015256
                 216,            0.027697,            0.024183,            0.020128,             0.68384,             0.89409,             0.84132,              0.6226,            0.021128,            0.010204,             0.01722,            0.001486,            0.001486,            0.001486
                 217,            0.025642,            0.020472,            0.019259,             0.68486,             0.89761,             0.84521,             0.61271,            0.022452,            0.010599,            0.017086,           0.0014464,           0.0014464,           0.0014464
                 218,            0.027923,            0.020998,            0.021419,             0.68486,             0.89761,             0.84521,             0.61271,            0.022452,            0.010599,            0.017086,           0.0014068,           0.0014068,           0.0014068
                 219,            0.030304,            0.016867,            0.018956,             0.66591,             0.88723,             0.84148,             0.63003,            0.022103,            0.010574,            0.016941,           0.0013672,           0.0013672,           0.0013672
                 220,            0.028015,            0.026394,            0.024171,             0.66591,             0.88723,             0.84148,             0.63003,            0.022103,            0.010574,            0.016941,           0.0013276,           0.0013276,           0.0013276
                 221,            0.026477,            0.018118,            0.019007,             0.66246,             0.87429,             0.83724,             0.62484,            0.021167,            0.010414,            0.016785,            0.001288,            0.001288,            0.001288
                 222,            0.024674,            0.024255,            0.020997,             0.66246,             0.87429,             0.83724,             0.62484,            0.021167,            0.010414,            0.016785,           0.0012484,           0.0012484,           0.0012484
                 223,            0.029017,             0.01939,            0.019316,             0.68876,             0.87429,              0.8296,             0.63698,            0.021104,            0.010061,            0.016724,           0.0012088,           0.0012088,           0.0012088
                 224,            0.027889,            0.024842,             0.02257,             0.68876,             0.87429,              0.8296,             0.63698,            0.021104,            0.010061,            0.016724,           0.0011692,           0.0011692,           0.0011692
                 225,             0.03136,            0.027146,             0.01928,             0.66907,             0.89809,               0.835,             0.62015,            0.022878,           0.0098934,            0.016556,           0.0011296,           0.0011296,           0.0011296
                 226,            0.027231,            0.017539,            0.019184,             0.66907,             0.89809,               0.835,             0.62015,            0.022878,           0.0098934,            0.016556,             0.00109,             0.00109,             0.00109
                 227,            0.030594,             0.02115,            0.018832,             0.70039,             0.93143,             0.83727,             0.62049,            0.020955,           0.0097122,            0.016449,           0.0010504,           0.0010504,           0.0010504
                 228,            0.028854,            0.019404,            0.020193,             0.70039,             0.93143,             0.83727,             0.62049,            0.020955,           0.0097122,            0.016449,           0.0010108,           0.0010108,           0.0010108
                 229,            0.026507,            0.022034,            0.019897,             0.70033,             0.93143,             0.83282,             0.61375,            0.022204,           0.0096874,            0.016399,           0.0009712,           0.0009712,           0.0009712
                 230,            0.027511,            0.018946,             0.01838,             0.70033,             0.93143,             0.83282,             0.61375,            0.022204,           0.0096874,            0.016399,           0.0009316,           0.0009316,           0.0009316
                 231,            0.026313,            0.017774,             0.01956,             0.70025,             0.93143,             0.83708,             0.64451,            0.021174,             0.00951,            0.016304,            0.000892,            0.000892,            0.000892
                 232,            0.030485,             0.02315,            0.018733,             0.70025,             0.93143,             0.83708,             0.64451,            0.021174,             0.00951,            0.016304,           0.0008524,           0.0008524,           0.0008524
                 233,            0.028078,            0.019191,            0.022006,             0.70595,             0.92337,             0.83944,             0.64192,             0.02038,            0.009409,            0.016254,           0.0008128,           0.0008128,           0.0008128
                 234,            0.025913,            0.020356,            0.020186,             0.70595,             0.92337,             0.83944,             0.64192,             0.02038,            0.009409,            0.016254,           0.0007732,           0.0007732,           0.0007732
                 235,            0.028181,            0.027526,            0.020432,             0.68713,             0.91974,             0.83733,             0.60427,            0.020921,           0.0096111,            0.016178,           0.0007336,           0.0007336,           0.0007336
                 236,            0.026857,            0.021844,            0.019881,             0.68713,             0.91974,             0.83733,             0.60427,            0.020921,           0.0096111,            0.016178,            0.000694,            0.000694,            0.000694
                 237,            0.025229,            0.019494,            0.019219,             0.65936,              0.8978,             0.83927,             0.65261,            0.019884,           0.0096512,            0.016151,           0.0006544,           0.0006544,           0.0006544
                 238,            0.023164,            0.015379,            0.019689,             0.65936,              0.8978,             0.83927,             0.65261,            0.019884,           0.0096512,            0.016151,           0.0006148,           0.0006148,           0.0006148
                 239,            0.023884,             0.02005,            0.016734,             0.67237,             0.90802,              0.8394,             0.65757,            0.019621,           0.0096035,            0.016094,           0.0005752,           0.0005752,           0.0005752
                 240,             0.02676,            0.026292,            0.022262,             0.67237,             0.90802,              0.8394,             0.65757,            0.019621,           0.0096035,            0.016094,           0.0005356,           0.0005356,           0.0005356
                 241,            0.025142,            0.020932,            0.020782,             0.66914,             0.92286,             0.83941,             0.66945,            0.020005,           0.0094395,            0.016068,            0.000496,            0.000496,            0.000496
                 242,            0.023301,            0.021676,            0.018645,             0.66914,             0.92286,             0.83941,             0.66945,            0.020005,           0.0094395,            0.016068,           0.0004564,           0.0004564,           0.0004564
                 243,            0.027305,             0.02171,            0.015198,             0.66982,             0.92286,             0.83945,              0.6603,              0.0199,           0.0093956,            0.016018,           0.0004168,           0.0004168,           0.0004168
                 244,            0.024293,            0.023499,            0.019481,             0.66982,             0.92286,             0.83945,              0.6603,              0.0199,           0.0093956,            0.016018,           0.0003772,           0.0003772,           0.0003772
                 245,            0.027071,            0.018657,            0.021063,             0.66885,             0.92286,             0.83944,             0.66758,            0.019932,           0.0093536,            0.015995,           0.0003376,           0.0003376,           0.0003376
                 246,            0.025249,              0.0176,            0.018288,             0.66885,             0.92286,             0.83944,             0.66758,            0.019932,           0.0093536,            0.015995,            0.000298,            0.000298,            0.000298
                 247,            0.026041,            0.022024,            0.020208,             0.70725,             0.94141,              0.8435,             0.67204,             0.01968,           0.0093613,            0.015987,           0.0002584,           0.0002584,           0.0002584
                 248,            0.025206,             0.01892,            0.017657,             0.70725,             0.94141,              0.8435,             0.67204,             0.01968,           0.0093613,            0.015987,           0.0002188,           0.0002188,           0.0002188
                 249,            0.025397,            0.021972,            0.020731,             0.70745,             0.94363,             0.84357,             0.67604,            0.019553,           0.0093765,            0.015953,           0.0001792,           0.0001792,           0.0001792
